College,Country,Email Handle
Abilene Christian University,United States,acu.edu
Academy Of Art University,United States,academyart.edu
Acadia University,United States,acadiau.ca
Adams State University,United States,adams.edu
Adelphi University,United States,adelphi.edu
Adrian College,United States,adrian.edu
Agnes Scott College,United States,agnesscott.edu
Alabama Agricultural And Mechanical University,United States,aamu.edu
Alabama State University,United States,alasu.edu
Alaska Bible College,United States,akbible.edu
Alaska Pacific University,United States,alaskapacific.edu
Albany College Pharmacy And Health Sciences,United States,acphs.edu
Albany State University,United States,asurams.edu
Albertus Magnus College,United States,albertus.edu
Albion College,United States,albion.edu
Albright College,United States,alb.edu
Alcorn State University,United States,alcorn.edu
Alderson Broaddus University,United States,ab.edu
Alfred University,United States,alfred.edu
Alice Lloyd College,United States,alc.edu
Allegheny College,United States,allegheny.edu
Allen College,United States,allencollege.edu
Allen University,United States,allenuniversity.edu
Alma College,United States,alma.edu
Alvernia University,United States,alvernia.edu
Alverno College,United States,alverno.edu
American Baptist College,United States,abcnash.edu
American International College,United States,aic.edu
American Jewish University,United States,aju.edu
American University,United States,american.edu
American University Beirut Aub,United States,aub.edu.lb
American University Bulgaria,United States,aubg.edu
American University Paris,United States,aup.edu
American University Rome,United States,aur.edu
Amherst College,United States,amherst.edu
Anderson University,United States,anderson.edu
Andrews University,United States,andrews.edu
Angelo State University,United States,angelo.edu
Anna Maria College,United States,annamaria.edu
Antioch College,United States,antiochcollege.edu
Appalachian Bible College,United States,abc.edu
Appalachian State University,United States,appstate.edu
Aquinas College,United States,aquinas.edu
Aquinas College,United States,aquinascollege.edu
Arcadia University,United States,arcadia.edu
Arizona Christian University,United States,arizonachristian.edu
Arizona State University,United States,asu.edu
Arkansas Baptist College,United States,arkansasbaptist.edu
Arkansas State University,United States,astate.edu
Arkansas Tech University,United States,atu.edu
Arlington Baptist University,United States,arlingtonbaptistcollege.edu
Art Academy Cincinnati,United States,artacademy.edu
Art Center College Of Design,United States,artcenter.edu
Arts University Bournemouth Uk,United States,aub.ac.uk
Asbury University,United States,asbury.edu
Ashland University,United States,ashland.edu
Assumption College,United States,assumption.edu
Athens State University,United States,athens.edu
Auburn University,United States,auburn.edu
Auburn University At Montgomery,United States,aum.edu
Augsburg University,United States,augsburg.edu
Augusta University,United States,augusta.edu
Augustana College Illinois,United States,augustana.edu
Augustana University South Dakota,United States,augie.edu
Aurora University,United States,aurora.edu
Austin College,United States,austincollege.edu
Austin Graduate School Of Theology,United States,austingrad.edu
Austin Peay State University,United States,apsu.edu
Ave Maria University,United States,avemaria.edu
Averett University,United States,averett.edu
Avila University,United States,avila.edu
Azusa Pacific University,United States,apu.edu
Babson College,United States,babson.edu
Baker University,United States,bakeru.edu
Baldwin Wallace University,United States,bw.edu
Ball State University,United States,bsu.edu
Baptist College Of Florida,United States,baptistcollege.edu
Baptist College Of Health Sciences,United States,bchs.edu
Barclay College,United States,barclaycollege.edu
Bard College,United States,bard.edu
Bard College Berlin,United States,berlin.bard.edu
Bard College Simons Rock Early College,United States,simons-rock.edu
Barnard College,United States,barnard.edu
Barry University,United States,barry.edu
Barton College,United States,barton.edu
Bastyr University,United States,bastyr.edu
Bates College,United States,bates.edu
Bath Spa University,United States,bathspa.ac.uk
Bay Path University,United States,baypath.edu
Baylor University,United States,baylor.edu
Beacon College,United States,beaconcollege.edu
Becker College,United States,becker.edu
Belhaven University,United States,belhaven.edu
Bellarmine University,United States,bellarmine.edu
Belmont Abbey College,United States,bac.edu
Belmont University,United States,belmont.edu
Beloit College,United States,beloit.edu
Bemidji State University,United States,bemidjistate.edu
Benedict College,United States,benedict.edu
Benedictine College,United States,benedictine.edu
Benedictine University Az,United States,ben.edu
Benedictine University Il,United States,ben.edu
Bennett College,United States,bennett.edu
Bennington College,United States,bennington.edu
Bentley University,United States,bentley.edu
Berea College,United States,berea.edu
Berklee College Of Music,United States,berklee.edu
Berry College,United States,berry.edu
Bethany College,United States,bethanywv.edu
Bethany College,United States,bethanylb.edu
Bethany Lutheran College,United States,blc.edu
Bethel College,United States,bethelcollege.edu
Bethel College,United States,bethelks.edu
Bethel University,United States,bethelu.edu
Bethel University,United States,bethel.edu
Bethune Cookman University,United States,cookman.edu
Beulah Heights University,United States,beulah.edu
Biola University,United States,biola.edu
Birmingham Southern College,United States,bsc.edu
Bishops University,United States,ubishops.ca
Black Hills State University,United States,bhsu.edu
Blackburn College,United States,blackburn.edu
Blessing Rieman College Of Nursing,United States,brcn.edu
Bloomfield College,United States,bloomfield.edu
Bloomsburg University Of Pennsylvania,United States,bloomu.edu
Blue Mountain College,United States,bmc.edu
Bluefield College,United States,bluefield.edu
Bluefield State College,United States,bluefieldstate.edu
Bluffton University,United States,bluffton.edu
Bob Jones University,United States,bju.edu
Boise State University,United States,boisestate.edu
Boston College,United States,bc.edu
Boston University,United States,bu.edu
Bournemouth University Uk,United States,bournemouth.ac.uk
Bowdoin College,United States,bowdoin.edu
Bowie State University,United States,bowiestate.edu
Bowling Green State University,United States,bgsu.edu
Bradley University,United States,bradley.edu
Brandeis University,United States,brandeis.edu
Brenau University,United States,brenau.edu
Brescia University,United States,brescia.edu
Brevard College,United States,brevard.edu
Brewton Parker College,United States,bpc.edu
Briar Cliff University,United States,briarcliff.edu
Bridgewater College,United States,bridgewater.edu
Bridgewater State University,United States,bridgew.edu
Brigham Young University Hawaii,United States,byuh.edu
Brigham Young University Idaho,United States,byui.edu
Brigham Young University Provo,United States,byu.edu
Brown University,United States,brown.edu
Brunel University London,United States,brunel.ac.uk
Bryan College,United States,bryan.edu
Bryant University,United States,bryant.edu
Bryn Athyn College,United States,brynathyn.edu
Bryn Mawr College,United States,brynmawr.edu
Bucknell University,United States,bucknell.edu
Buena Vista University,United States,bvu.edu
Butler University,United States,butler.edu
Cabarrus College Of Health Sciences,United States,cabarruscollege.edu
Cabrini University,United States,cabrini.edu
Cairn University,United States,cairn.edu
Caldwell University,United States,caldwell.edu
California Baptist University,United States,calbaptist.edu
California College Arts,United States,cca.edu
California College Of The Arts,United States,cca.edu
California Institute Of The Arts,United States,calarts.edu
California Institute Technology Caltech,United States,caltech.edu
California Lutheran University,United States,callutheran.edu
California Maritime Academy,United States,csum.edu
California State Polytechnic University Pomona,United States,cpp.edu
California State University Bakersfield,United States,csub.edu
California State University Chico,United States,csuchico.edu
California State University Dominguez Hills,United States,csudh.edu
California State University East Bay,United States,csueastbay.edu
California State University Fresno,United States,csufresno.edu
California State University Fullerton,United States,fullerton.edu
California State University Long Beach,United States,csulb.edu
California State University Los Angeles,United States,calstatela.edu
California State University Monterey Bay,United States,csumb.edu
California State University Northridge,United States,csun.edu
California State University Sacramento,United States,csus.edu
California State University San Bernardino,United States,csusb.edu
California State University San Marcos,United States,csusm.edu
California State University Stanislaus,United States,csustan.edu
California University Of Pennsylvania,United States,calu.edu
California University Pennsylvania,United States,calu.edu
Calumet College Of St Joseph,United States,ccsj.edu
Calvary University,United States,calvary.edu
Calvin College,United States,calvin.edu
Cambridge College,United States,cambridgecollege.edu
Cameron University,United States,cameron.edu
Campbellsville University,United States,campbellsville.edu
Canisius College,United States,canisius.edu
Capital University,United States,capital.edu
Capitol Technology University,United States,captechu.edu
Cardinal Stritch University,United States,stritch.edu
Caribbean University,United States,caribbean.edu
Carleton College,United States,carleton.edu
Carlow University,United States,carlow.edu
Carroll College,United States,carroll.edu
Carroll College Montana,United States,carroll.edu
Carroll University,United States,carrollu.edu
Carson Newman University,United States,cn.edu
Carthage College,United States,carthage.edu
Case Western Reserve University,United States,case.edu
Castleton University,United States,castleton.edu
Catawba College,United States,catawba.edu
Catholic University America,United States,cua.edu
Cazenovia College,United States,cazenovia.edu
Cedar Crest College,United States,cedarcrest.edu
Cedarville University,United States,cedarville.edu
Centenary College Louisiana,United States,centenary.edu
Centenary University,United States,centenaryuniversity.edu
Central Christian College Of Kansas,United States,centralchristian.edu
Central College,United States,central.edu
Central Connecticut State University,United States,ccsu.edu
Central Methodist University,United States,centralmethodist.edu
Central Michigan University,United States,cmich.edu
Central Penn College,United States,centralpenn.edu
Central State University,United States,centralstate.edu
Central Washington University,United States,cwu.edu
Centre College,United States,centre.edu
Chadron State College,United States,csc.edu
Chaminade University Honolulu,United States,chaminade.edu
Champlain College,United States,champlain.edu
Chapman University,United States,chapman.edu
Charles R Drew University Medicine And Science,United States,cdrewu.edu
Charleston Southern University,United States,csuniv.edu
Charter Oak State College,United States,charteroak.edu
Chatham University,United States,chatham.edu
Chestnut Hill College,United States,chc.edu
Cheyney University Of Pennsylvania,United States,cheyney.edu
Chicago State University,United States,csu.edu
Chipola College,United States,chipola.edu
Chowan University,United States,chowan.edu
Christendom College,United States,christendom.edu
Christian Brothers University,United States,cbu.edu
Christopher Newport University,United States,cnu.edu
Cincinnati Christian University,United States,ccuniversity.edu
Claflin University,United States,claflin.edu
Claremont Mckenna College,United States,cmc.edu
Clarion University Of Pennsylvania,United States,clarion.edu
Clark Atlanta University,United States,cau.edu
Clark University,United States,clarku.edu
Clarke University,United States,clarke.edu
Clarks Summit University,United States,clarkssummitu.edu
Clarkson College,United States,clarksoncollege.edu
Clarkson University,United States,clarkson.edu
Clayton State University,United States,clayton.edu
Clear Creek Baptist Bible College,United States,ccbbc.edu
Cleary University,United States,cleary.edu
Clemson University,United States,clemson.edu
Cleveland Institute Of Music,United States,cim.edu
Cleveland State University,United States,csuohio.edu
Coastal Carolina University,United States,coastal.edu
Coe College,United States,coe.edu
Cogswell Polytechnical College,United States,cogswell.edu
Coker College,United States,coker.edu
Colby College,United States,colby.edu
Colby Sawyer College,United States,colby-sawyer.edu
Colgate University,United States,colgate.edu
College Of Charleston,United States,cofc.edu
College of Idaho,United States,collegeofidaho.edu
College of Mount Saint Vincent,United States,mountsaintvincent.edu
College Of Mount St Vincent,United States,mountsaintvincent.edu
College of New Jersey,United States,tcnj.edu
College of New Rochelle,United States,cnr.edu
College Of Saint Benedict,United States,csbsju.edu
College of Saint Elizabeth,United States,cse.edu
College of Saint Rose,United States,strose.edu
College Of St Mary,United States,csm.edu
College Of Staten Island Cuny,United States,csi.cuny.edu
College of the Atlantic Atlantic,United States,coa.edu
College of the Holy Cross,United States,holycross.edu
College Of The Ozarks,United States,cofo.edu
College of William & Mary,United States,wm.edu
College St Joseph,United States,csj.edu
College St Scholastica,United States,css.edu
College Wooster,United States,wooster.edu
Colorado Christian University,United States,ccu.edu
Colorado College,United States,coloradocollege.edu
Colorado Mesa University,United States,coloradomesa.edu
Colorado School Of Mines,United States,mines.edu
Colorado State University,United States,colostate.edu
Colorado State University Pueblo,United States,csupueblo.edu
Columbia College,United States,ccis.edu
Columbia College,United States,columbiasc.edu
Columbia College Chicago,United States,colum.edu
Columbia College Hollywood,United States,columbiacollege.edu
Columbia International University,United States,ciu.edu
Columbus College Of Art And Design,United States,ccad.edu
Columbus State University,United States,columbusstate.edu
Concord University,United States,concord.edu
Concordia College,United States,concordia-ny.edu
Concordia College Moorhead,United States,cord.edu
Concordia University Chicago,United States,CUChicago.edu
Concordia University Irvine,United States,cui.edu
Concordia University Nebraska,United States,cune.edu
Concordia University Portland Or,United States,cu-portland.edu
Concordia University St Paul,United States,csp.edu
Concordia University Texas,United States,concordia.edu
Concordia University Wisconsin,United States,cuw.edu
Connecticut College,United States,conncoll.edu
Conservatory Of Music Of Puerto Rico,United States,cmpr.edu
Converse College,United States,converse.edu
Cooper Union Advancement Science And Art,United States,cooper.edu
Coppin State University,United States,coppin.edu
Corban University,United States,corban.edu
Cornell College,United States,cornellcollege.edu
Cornerstone University,United States,cornerstone.edu
Cornish College Of The Arts,United States,cornish.edu
Covenant College,United States,covenant.edu
Creighton University,United States,creighton.edu
Criswell College,United States,criswell.edu
Crown College,United States,crown.edu
Culinary Institute America Ny,United States,culinary.edu
Culver Stockton College,United States,culver.edu
Cumberland University,United States,cumberland.edu
Cuny Baruch College,United States,baruch.cuny.edu
Cuny City College,United States,ccny.cuny.edu
Cuny Hunter College,United States,hunter.cuny.edu
Cuny John Jay College Of Criminal Justice,United States,jjay.cuny.edu
Cuny Lehman College,United States,lehman.cuny.edu
Cuny Medgar Evers College,United States,mec.cuny.edu
Cuny New York City College Of Technology,United States,citytech.cuny.edu
Cuny Queens College,United States,qc.cuny.edu
Cuny York College,United States,york.cuny.edu
Curry College,United States,curry.edu
Daemen College,United States,daemen.edu
Dakota State University,United States,dsu.edu
Dakota Wesleyan University,United States,dwu.edu
Dallas Baptist University,United States,dbu.edu
Dallas Christian College,United States,dallas.edu
Dalton State College,United States,daltonstate.edu
Dartmouth College,United States,dartmouth.edu
Davenport University,United States,davenport.edu
Davidson College,United States,davidson.edu
Davis Elkins College,United States,dewv.edu
Dean College,United States,dean.edu
Defiance College,United States,defiance.edu
Delaware State University,United States,desu.edu
Delaware Valley University,United States,delval.edu
Delta State University,United States,deltastate.edu
Denison University,United States,denison.edu
Depaul University,United States,depaul.edu
Depauw University,United States,depauw.edu
Desales University,United States,desales.edu
Dickinson College,United States,dickinson.edu
Dickinson State University,United States,dickinsonstate.edu
Digipen Institute Of Technology,United States,digipen.edu
Dillard University,United States,dillard.edu
Dixie State University,United States,dixie.edu
Doane University,United States,doane.edu
Dominican College,United States,dc.edu
Dominican University,United States,dom.edu
Dominican University California,United States,dominican.edu
Dordt College,United States,dordt.edu
Doshisha University Institute Liberal Arts,United States,mail.doshisha.ac.jp
Drake University,United States,drake.edu
Drew University,United States,drew.edu
Drexel University,United States,drexel.edu
Drury University,United States,drury.edu
Duke Kunshan University,United States,dukekunshan.edu.cn
Duke University,United States,duke.edu
Duquesne University,United States,duq.edu
Durham University,United States,durham.ac.uk
Dyouville College,United States,dyc.edu
Earlham College,United States,earlham.edu
East Carolina University,United States,ecu.edu
East Central University,United States,ecok.edu
East Stroudsburg University Of Pennsylvania,United States,esu.edu
East Tennessee State University,United States,etsu.edu
East Texas Baptist University,United States,etbu.edu
East West University,United States,eastwest.edu
Eastern Connecticut State University,United States,easternct.edu
Eastern Illinois University,United States,eiu.edu
Eastern Kentucky University,United States,eku.edu
Eastern Mennonite University,United States,emu.edu
Eastern Michigan University,United States,emich.edu
Eastern Nazarene College,United States,enc.edu
Eastern New Mexico University,United States,enmu.edu
Eastern Oregon University,United States,eou.edu
Eastern University,United States,eastern.edu
Eastern Washington University,United States,ewu.edu
Eckerd College,United States,eckerd.edu
Edgewood College,United States,edgewood.edu
Edinboro University Pennsylvania,United States,edinboro.edu
Edward Waters College,United States,ewc.edu
Elizabeth City State University,United States,ecsu.edu
Elizabethtown College,United States,etown.edu
Elmhurst College,United States,elmhurst.edu
Elmira College,United States,elmira.edu
Elms College,United States,elms.edu
Elon University,United States,elon.edu
Embry Riddle Aeronautical University Daytona Beach,United States,erau.edu
Embry Riddle Aeronautical University Prescott,United States,erau.edu
Embry Riddle Aeronautical University Worldwide Campus,United States,erau.edu
Emerson College,United States,emerson.edu
Emily Carr University Of Art Design,United States,ecuad.ca
Emmanuel College,United States,emmanuel.edu
Emmanuel College Ga,United States,ec.edu
Emmanuel College Ma,United States,emmanuel.edu
Emmaus Bible College,United States,emmaus.edu
Emory Henry College,United States,ehc.edu
Emory University,United States,emory.edu
Emporia State University,United States,emporia.edu
Endicott College,United States,endicott.edu
Erskine College,United States,erskine.edu
Escp Europe Business School,United States,escpeurope.eu
Eugene Lang College The New School For Liberal Arts,United States,newschool.edu
Eureka College,United States,eureka.edu
Evangel University,United States,evangel.edu
Evergreen State College,United States,evergreen.edu
Fairfield University,United States,fairfield.edu
Fairleigh Dickinson University,United States,fdu.edu
Fairmont State University,United States,fairmontstate.edu
Faith Baptist Bible College And Theological Seminary,United States,faith.edu
Fashion Institute Of Technology,United States,fitnyc.edu
Faulkner University,United States,faulkner.edu
Fayetteville State University,United States,uncfsu.edu
Felician University,United States,felician.edu
Ferris State University,United States,ferris.edu
Ferrum College,United States,ferrum.edu
Fisher College,United States,fisher.edu
Fisk University,United States,fisk.edu
Fitchburg State University,United States,fitchburgstate.edu
Five Towns College,United States,ftc.edu
Flagler College,United States,flagler.edu
Flashpoint Chicago Campus Columbia College Hollywood,United States,columbiacollege.edu
Florida Agricultural Mechanical University,United States,famu.edu
Florida Atlantic University,United States,fau.edu
Florida College,United States,floridacollege.edu
Florida Gulf Coast University,United States,fgcu.edu
Florida Institute Technology,United States,fit.edu
Florida International University,United States,fiu.edu
Florida Memorial University,United States,fmuniv.edu
Florida National University,United States,fnu.edu
Florida Polytechnic University,United States,flpoly.org
Florida Southern College,United States,flsouthern.edu
Florida State University,United States,fsu.edu
Fontbonne University,United States,fontbonne.edu
Fordham University,United States,fordham.edu
Fort Hays State University,United States,fhsu.edu
Fort Lewis College,United States,fortlewis.edu
Fort Valley State University,United States,fvsu.edu
Framingham State University,United States,framingham.edu
Francis Marion University,United States,fmarion.edu
Franciscan Missionaries Of Our Lady University,United States,ololcollege.edu
Franciscan University Of Steubenville,United States,franciscan.edu
Franklin College,United States,franklincollege.edu
Franklin Marshall College,United States,fandm.edu
Franklin Pierce University,United States,franklinpierce.edu
Franklin University Switzerland,United States,fus.edu
Franklin W Olin College Engineering,United States,olin.edu
Freed Hardeman University,United States,fhu.edu
Fresno Pacific University,United States,fresno.edu
Friends University,United States,friends.edu
Frostburg State University,United States,frostburg.edu
Furman University,United States,furman.edu
Gallaudet University,United States,gallaudet.edu
Gannon University,United States,gannon.edu
Gardner Webb University,United States,gardner-webb.edu
George Fox University,United States,georgefox.edu
George Mason University,United States,gmu.edu
George Washington University,United States,gwu.edu
Georgetown College,United States,georgetowncollege.edu
Georgetown University,United States,georgetown.edu
Georgia College,United States,gcsu.edu
Georgia Gwinnett College,United States,ggc.edu
Georgia Southern University Armstrong And Liberty Campuses,United States,georgiasouthern.edu
Georgia Southwestern State University,United States,gsw.edu
Georgia State University,United States,gsu.edu
Georgian Court University,United States,georgian.edu
Gettysburg College,United States,gettysburg.edu
Glenville State College,United States,glenville.edu
Goddard College,United States,goddard.edu
Goldey Beacom College,United States,gbc.edu
Goldfarb School Of Nursing At Barnes Jewish College,United States,bjc.org
Gonzaga University,United States,gonzaga.edu
Gordon College,United States,gordon.edu
Gordon State College,United States,gordonstate.edu
Goshen College,United States,goshen.edu
Goucher College,United States,goucher.edu
Governors State University,United States,govst.edu
Grace Bible College,United States,gbcol.edu
Grace College Seminary,United States,grace.edu
Graceland University,United States,graceland.edu
Grambling State University,United States,gram.edu
Grand Canyon University,United States,gcu.edu
Grand Valley State University,United States,gvsu.edu
Grand View University,United States,grandview.edu
Granite State College,United States,granite.edu
Great Basin College,United States,gbcnv.edu
Green Mountain College,United States,greenmtn.edu
Greensboro College,United States,greensboro.edu
Greenville University,United States,greenville.edu
Grinnell College,United States,grinnell.edu
Grove City College,United States,gcc.edu
Guilford College,United States,guilford.edu
Gustavus Adolphus College,United States,gustavus.edu
Gwynedd Mercy University,United States,gmercyu.edu
Hamilton College,United States,hamilton.edu
Hamline University Mn,United States,hamline.edu
Hampden Sydney College,United States,hsc.edu
Hampshire College,United States,hampshire.edu
Hampton University,United States,hamptonu.edu
Hannibal Lagrange University,United States,hlg.edu
Hanover College,United States,hanover.edu
Hardin Simmons University,United States,hsutx.edu
Harding University,United States,harding.edu
Harris Stowe State University,United States,hssu.edu
Harrisburg University Science And Technology,United States,HarrisburgU.edu
Hartwick College,United States,hartwick.edu
Harvard College,United States,fas.harvard.edu
Harvey Mudd College,United States,hmc.edu
Hastings College,United States,hastings.edu
Haverford College,United States,haverford.edu
Hawaii Pacific University,United States,hpu.edu
Heidelberg University,United States,heidelberg.edu
Hellenic College,United States,hchc.edu
Henderson State University,United States,hsu.edu
Hendrix College,United States,hendrix.edu
High Point University,United States,highpoint.edu
Hilbert College,United States,hilbert.edu
Hillsdale College,United States,hillsdale.edu
Hiram College,United States,hiram.edu
Hobart And William Smith Colleges,United States,hws.edu
Hodges University,United States,hodges.edu
Hofstra University,United States,hofstra.edu
Hollins University,United States,hollins.edu
Holy Cross College,United States,hcc-nd.edu
Holy Family University,United States,holyfamily.edu
Holy Names University,United States,hnu.edu
Hood College,United States,hood.edu
Hope College,United States,hope.edu
Houghton College,United States,houghton.edu
Houston Baptist University,United States,hbu.edu
Howard Payne University,United States,hputx.edu
Howard University,United States,howard.edu
Hult International Business School,United States,hult.edu
Humboldt State University,United States,humboldt.edu
Huntingdon College,United States,hawks.huntingdon.edu
Huntingdon College Of Health Sciences,United States,hchs.edu
Huntington University,United States,huntington.edu
Husson University,United States,husson.edu
Huston Tillotson University,United States,htu.edu
Idaho State University,United States,isu.edu
Ie University,United States,ie.edu
Illinois College,United States,mail.ic.edu
Illinois Institute Technology,United States,iit.edu
Illinois State University,United States,illinoisstate.edu
Illinois Wesleyan University,United States,iwu.edu
Immaculata University,United States,immaculata.edu
Indiana Institute Of Technology,United States,indianatech.edu
Indiana State University,United States,indstate.edu
Indiana University Bloomington,United States,indiana.edu
Indiana University East,United States,iue.edu
Indiana University Kokomo,United States,iuk.edu
Indiana University Northwest,United States,iun.edu
Indiana University Of Pennsylvania,United States,iup.edu
Indiana University South Bend,United States,iusb.edu
Indiana University Southeast,United States,ius.edu
Indiana Wesleyan University,United States,indwes.edu
Institute Of American Indian Arts,United States,iaia.edu
Inter American University Of Puerto Rico Aguadilla,United States,aguadilla.inter.edu
Inter American University Of Puerto Rico Fajardo,United States,fajardo.inter.edu
Inter American University Of Puerto Rico Guayama,United States,guayama.inter.edu
Inter American University Of Puerto Rico Ponce,United States,ponce.inter.edu
Inter American University Of Puerto Rico San German,United States,intersg.edu
Iona College,United States,iona.edu
Iowa State University,United States,iastate.edu
Iowa Wesleyan University,United States,iw.edu
IPFW,United States,ipfw.edu
Ithaca College,United States,ithaca.edu
IUPUI,United States,iupui.edu
Jackson State University,United States,jsums.edu
Jacksonville State University,United States,jsu.edu
Jacksonville University,United States,ju.edu
Jacobs University Bremen,United States,jacobs-university.de
James Madison University,United States,jmu.edu
Jarvis Christian College,United States,jarvis.edu
Jefferson College Health Sciences,United States,jchs.edu
Jefferson Philadelphia University Thomas Jefferson University,United States,philau.edu
John Brown University,United States,jbu.edu
John Cabot University Rome,United States,johncabot.edu
John Carroll University,United States,jcu.edu
John Paul The Great Catholic University,United States,jpcatholic.com
John Wesley University,United States,johnwesley.edu
Johns Hopkins University,United States,jhu.edu
Johnson C Smith University,United States,jcsu.edu
Johnson University,United States,johnsonu.edu
Johnson University Florida,United States,johnsonu.edu
Johnson Wales University,United States,jwu.edu
Judson College,United States,judson.edu
Judson University,United States,judsonu.edu
Juilliard School,United States,juilliard.edu
Juniata College,United States,juniata.edu
Kalamazoo College,United States,kzoo.edu
Kansas City Art Institute,United States,kcai.edu
Kansas State University,United States,k-state.edu
Kean University,United States,kean.edu
Keele University,United States,keele.ac.uk
Keene State College,United States,keene.edu
Kendall College,United States,kendall.edu
Kennesaw State University,United States,kennesaw.edu
Kent State University,United States,kent.edu
Kentucky Christian University,United States,kcu.edu
Kentucky Mountain Bible College,United States,kmbc.edu
Kentucky State University,United States,kysu.edu
Kentucky Wesleyan College,United States,kwc.edu
Kenyon College,United States,kenyon.edu
Kettering University,United States,kettering.edu
Keuka College,United States,keuka.edu
Keystone College,United States,keystone.edu
King University,United States,king.edu
Kings College,United States,kings.edu
Knox College,United States,knox.edu
Kutztown University Of Pennsylvania,United States,kutztown.edu
Kuyper College,United States,kuyper.edu
La Roche College,United States,laroche.edu
La Salle University,United States,lasalle.edu
La Sierra University,United States,lasierra.edu
Lafayette College,United States,lafayette.edu
Lagrange College,United States,lagrange.edu
Laguna College Of Art And Design,United States,lcad.edu
Lake Erie College,United States,lec.edu
Lake Forest College,United States,lakeforest.edu
Lake Superior State University,United States,lssu.edu
Lakeland University,United States,lakeland.edu
Lamar University,United States,lamar.edu
Lander University,United States,lander.edu
Lane College,United States,lanecollege.edu
Langston University,United States,langston.edu
Lasell College,United States,lasell.edu
Lawrence Technological University,United States,ltu.edu
Lawrence University,United States,lawrence.edu
Le Moyne College,United States,lemoyne.edu
Leavell College Of New Orleans Baptist Theological Seminary,United States,nobts.edu
Lebanon Valley College,United States,lvc.edu
Lee University,United States,leeuniversity.edu
Lees Mcrae College,United States,lmc.edu
Lehigh University,United States,lehigh.edu
Lemoyne Owen College,United States,loc.edu
Lenoir Rhyne University,United States,lr.edu
Lesley University,United States,lesley.edu
Letourneau University,United States,letu.edu
Lewis Clark College,United States,lclark.edu
Lewis Clark State College,United States,lcsc.edu
Lewis University,United States,lewisu.edu
Liberty University,United States,liberty.edu
Life Pacific College,United States,lifepacific.edu
Life University,United States,life.edu
Lim College,United States,limcollege.edu
Limestone College,United States,limestone.edu
Lincoln Christian University,United States,lincolnchristian.edu
Lincoln Memorial University,United States,lmunet.edu
Lincoln University,United States,lincolnuca.edu
Lincoln University,United States,lincoln.edu
Lincoln University,United States,lincolnu.edu
Lindenwood University,United States,lindenwood.edu
Lindsey Wilson College,United States,lindsey.edu
Linfield College,United States,linfield.edu
Lipscomb University,United States,lipscomb.edu
List College Jewish Theological Seminary,United States,jtsa.edu
Livingstone College,United States,livingstone.edu
Lock Haven University Of Pennsylvania,United States,lockhaven.edu
Long Island University Brooklyn Campus,United States,liu.edu
Long Island University Post Campus,United States,liu.edu
Longwood University,United States,longwood.edu
Loras College,United States,loras.edu
Louisiana College,United States,lacollege.edu
Louisiana State University Am Baton Rouge,United States,lsu.edu
Louisiana State University Shreveport,United States,lsus.edu
Louisiana Tech University,United States,latech.edu
Lourdes University,United States,lourdes.edu
Loyola Marymount University,United States,lmu.edu
Loyola University Chicago,United States,luc.edu
Loyola University Maryland,United States,loyola.edu
Loyola University New Orleans,United States,loyno.edu
Lubbock Christian University,United States,lcu.edu
Luther College,United States,luther.edu
Luther Rice College Seminary,United States,lutherrice.edu
Lycoming College,United States,lycoming.edu
Lyme Academy College Of Fine Arts,United States,lymefs.newhaven.edu
Lynn University,United States,lynn.edu
Lyon College,United States,lyon.edu
Macalester College,United States,macalester.edu
Macmurray College,United States,mac.edu
Madonna University,United States,madonna.edu
Maharishi University Of Management,United States,mum.edu
Maine College Art,United States,meca.edu
Maine Maritime Academy,United States,mma.edu
Malone University,United States,malone.edu
Manchester University,United States,manchester.edu
Manhattan Christian College,United States,mccks.edu
Manhattan College,United States,manhattan.edu
Manhattan School Of Music,United States,msmnyc.edu
Manhattanville College,United States,mville.edu
Mansfield University Of Pennsylvania,United States,mansfield.edu
Maranatha Baptist University,United States,mbu.edu
Marian University Indiana,United States,marian.edu
Marian University Wisconsin,United States,marianuniversity.edu
Marietta College,United States,marietta.edu
Marist College,United States,marist.edu
Marlboro College,United States,marlboro.edu
Marquette University,United States,mu.edu
Marquette University,United States,marquette.edu
Mars Hill University,United States,mhu.edu
Marshall University,United States,marshall.edu
Martin Luther College,United States,mlc-wels.edu
Martin Methodist College,United States,martinmethodist.edu
Martin University,United States,martin.edu
Mary Baldwin University,United States,marybaldwin.edu
Mary Immaculate College,United States,mic.ul.ie
Marygrove College,United States,marygrove.edu
Maryland Institute College Art,United States,mica.edu
Marylhurst University,United States,marylhurst.edu
Marymount California University,United States,marymountcalifornia.edu
Marymount Manhattan College,United States,mmm.edu
Marymount University,United States,marymount.edu
Maryville College,United States,maryvillecollege.edu
Maryville University St Louis,United States,maryville.edu
Marywood University,United States,marywood.edu
Massachusetts College Art And Design,United States,massart.edu
Massachusetts College Liberal Arts,United States,mcla.edu
Massachusetts College Pharmacy And Health Sciences Mcphs University,United States,mcphs.edu
Massachusetts Institute Of Technology,United States,mit.edu
Massachusetts Maritime Academy,United States,maritime.edu
Maynooth University Ireland,United States,mu.ie
Mayville State University,United States,mayvillestate.edu
Mcdaniel College,United States,mcdaniel.edu
Mckendree University,United States,mckendree.edu
Mcmurry University,United States,mcm.edu
Mcneese State University,United States,mcneese.edu
Mcpherson College,United States,mcpherson.edu
Medaille College,United States,medaille.edu
Medical University Of South Carolina,United States,musc.edu
Memphis College Of Art,United States,mca.edu
Menlo College,United States,menlo.edu
Mercer University,United States,mercer.edu
Mercy College,United States,mercy.edu
Mercy College Of Health Sciences,United States,mchs.edu
Mercyhurst University,United States,mercyhurst.edu
Meredith College,United States,meredith.edu
Merrimack College,United States,merrimack.edu
Messiah College,United States,messiah.edu
Methodist University,United States,methodist.edu
Metropolitan College Of New York,United States,mcny.edu
Metropolitan State University,United States,metrostate.edu
Metropolitan State University Of Denver,United States,msudenver.edu
Miami University Ohio,United States,miamioh.edu
Michigan State University,United States,msu.edu
Michigan Technological University,United States,mtu.edu
Mid America Christian University,United States,macu.edu
Mid Atlantic Christian University,United States,macuniversity.edu
Midamerica Nazarene University,United States,mnu.edu
Middle Georgia State University,United States,mga.edu
Middle Tennessee State University,United States,mtsu.edu
Middlebury College,United States,middlebury.edu
Midland University,United States,midlandu.edu
Midway University,United States,midway.edu
Midwestern State University,United States,mwsu.edu
Miles College,United States,miles.edu
Millersville University,United States,millersville.edu
Milligan College,United States,milligan.edu
Millikin University,United States,millikin.edu
Mills College,United States,mills.edu
Millsaps College,United States,millsaps.edu
Milwaukee Institute Of Art And Design,United States,miad.edu
Milwaukee School Engineering,United States,msoe.edu
Minerva Schools Kgi,United States,minerva.kgi.edu
Minneapolis College Of Art And Design,United States,mcad.edu
Minnesota State University Mankato,United States,mnsu.edu
Minnesota State University Moorhead,United States,mnstate.edu
Minot State University,United States,minotstateu.edu
Misericordia University,United States,misericordia.edu
Mississippi College,United States,mc.edu
Mississippi State University,United States,msstate.edu
Mississippi University For Women,United States,muw.edu
Mississippi Valley State University,United States,mvsu.edu
Missouri Baptist University,United States,mobap.edu
Missouri Southern State University,United States,mssu.edu
Missouri State University,United States,missouristate.edu
Missouri University Science And Technology,United States,mst.edu
Missouri Valley College,United States,moval.edu
Missouri Western State University,United States,missouriwestern.edu
Mitchell College,United States,mitchell.edu
Molloy College,United States,molloy.edu
Monash University,United States,monash.edu
Monmouth College Il,United States,monmouthcollege.edu
Monmouth University,United States,monmouth.edu
Montana State University Billings,United States,msubillings.edu
Montana State University Bozeman,United States,montana.edu
Montana State University Northern,United States,msun.edu
Montana Tech,United States,mtech.edu
Montclair State University,United States,montclair.edu
Montreat College,United States,montreat.edu
Montserrat College Art,United States,montserrat.edu
Moravian College,United States,moravian.edu
Morehead State University,United States,moreheadstate.edu
Morehouse College,United States,morehouse.edu
Morgan State University,United States,morgan.edu
Morningside College,United States,morningside.edu
Morris College,United States,morris.edu
Mount Aloysius College,United States,mtaloy.edu
Mount Carmel College Of Nursing,United States,mccn.edu
Mount Holyoke College,United States,mtholyoke.edu
Mount Marty College,United States,mtmc.edu
Mount Mary University,United States,mtmary.edu
Mount Mercy University,United States,mtmercy.edu
Mount Saint Mary College,United States,msmc.edu
Mount Saint Marys University,United States,msmu.edu
Mount St Joseph University,United States,msj.edu
Mount St Marys University,United States,msmary.edu
Mount Vernon Nazarene University,United States,mvnu.edu
Muhlenberg College,United States,muhlenberg.edu
Multnomah University,United States,multnomah.edu
Murray State University,United States,murraystate.edu
Muskingum University,United States,muskingum.edu
Naropa University,United States,naropa.edu
National Louis University,United States,nl.edu
Navarra University Of,United States,unav.es
Nazarene Bible College,United States,nbc.edu
Nazareth College,United States,naz.edu
Nebraska Christian College,United States,nechristian.edu
Nebraska Methodist College,United States,methodistcollege.edu
Nebraska Wesleyan University,United States,nebrwesleyan.edu
Neumann University,United States,neumann.edu
Neumont College Of Computer Science,United States,neumont.edu
Nevada State College,United States,nsc.edu
New College Florida,United States,ncf.edu
New England College,United States,nec.edu
New England Conservatory Of Music,United States,necmusic.edu
New England Institute Technology,United States,neit.edu
New Hampshire Institute Art,United States,nhia.edu
New Hope Christian College,United States,newhope.edu
New Jersey City University,United States,njcu.edu
New Jersey Institute Technology,United States,njit.edu
New Mexico Highlands University,United States,nmhu.edu
New Mexico Institute Of Mining And Technology,United States,nmt.edu
New Mexico State University,United States,nmsu.edu
New School,United States,newschool.edu
New School Of Architecture And Design,United States,newschoolarch.edu
New York Institute Technology Nyit,United States,nyit.edu
New York School Of Interior Design,United States,nysid.edu
New York University,United States,nyu.edu
Newberry College,United States,newberry.edu
Newbury College,United States,newbury.edu
Newcastle University,United States,ncl.ac.uk
Newman University,United States,newmanu.edu
Niagara University,United States,niagara.edu
Nicholls State University,United States,nicholls.edu
Nichols College,United States,nichols.edu
Norfolk State University,United States,nsu.edu
North Carolina Central University,United States,nccu.edu
North Carolina State University,United States,ncsu.edu
North Carolina State University,United States,ncat.edu
North Carolina Wesleyan College,United States,ncwc.edu
North Central College,United States,noctrl.edu
North Central University,United States,northcentral.edu
North Dakota State University,United States,ndsu.edu
North Greenville University,United States,ngu.edu
North Park University,United States,northpark.edu
Northeastern Illinois University,United States,neiu.edu
Northeastern State University,United States,nsuok.edu
Northern Arizona University,United States,nau.edu
Northern Illinois University,United States,niu.edu
Northern Kentucky University,United States,nku.edu
Northern Michigan University,United States,nmu.edu
Northern State University,United States,northern.edu
Northern Vermont University,United States,NorthernVermont.edu
Northern Vermont University Johnson Campus,United States,jsc.edu
Northland College,United States,northland.edu
Northwest Christian University,United States,nwcu.edu
Northwest Missouri State University,United States,nwmissouri.edu
Northwest Nazarene University,United States,nnu.edu
Northwest University,United States,northwestu.edu
Northwestern College,United States,nwciowa.edu
Northwestern Oklahoma State University,United States,nwosu.edu
Northwestern State University Of Louisiana,United States,nsula.edu
Northwestern University,United States,northwestern.edu
Northwestern University Qatar,United States,qatar.northwestern.edu
Northwood University,United States,northwood.edu
Northwood University Michigan Campus,United States,northwood.edu
Norwich University,United States,norwich.edu
Notre Dame De Namur University,United States,ndnu.edu
Notre Dame Of Maryland University,United States,ndm.edu
Nova Scotia College Of Art And Design,United States,nscad.ca
Nova Southeastern University,United States,nova.edu
Nyack College,United States,nyack.edu
Oak Hills Christian College,United States,oakhills.edu
Oakland City University,United States,oak.edu
Oakland University,United States,oakland.edu
Oakwood University,United States,oakwood.edu
Oberlin College Arts And Sciences,United States,oberlin.edu
Oberlin Conservatory Music,United States,oberlin.edu
Occidental College,United States,oxy.edu
Oglethorpe University,United States,oglethorpe.edu
Ohio Dominican University,United States,ohiodominican.edu
Ohio Northern University,United States,onu.edu
Ohio University,United States,ohio.edu
Ohio Valley University,United States,ovu.edu
Ohio Wesleyan University,United States,owu.edu
Oklahoma Baptist University,United States,okbu.edu
Oklahoma Christian University,United States,oc.edu
Oklahoma City University,United States,okcu.edu
Oklahoma Panhandle State University,United States,opsu.edu
Oklahoma State University,United States,okstate.edu
Oklahoma Wesleyan University,United States,okwu.edu
Old Dominion University,United States,odu.edu
Ole Miss University Mississippi,United States,olemiss.edu
Olivet College,United States,olivetcollege.edu
Olivet Nazarene University,United States,olivet.edu
Oral Roberts University,United States,oru.edu
Oregon College Of Art And Craft,United States,ocac.edu
Oregon Institute Of Technology,United States,oit.edu
Oregon State University,United States,oregonstate.edu
Otis College Art And Design,United States,otis.edu
Ottawa University,United States,ottawa.edu
Otterbein University,United States,otterbein.edu
Ouachita Baptist University,United States,obu.edu
Our Lady Of The Lake University,United States,ollusa.edu
Pace University,United States,pace.edu
Pacific Lutheran University,United States,plu.edu
Pacific Northwest College Of Art,United States,pnca.edu
Pacific Oaks College,United States,pacificoaks.edu
Pacific Union College,United States,puc.edu
Pacific University Oregon,United States,pacificu.edu
Paier College Of Art,United States,snet.net
Paine College,United States,paine.edu
Palm Beach Atlantic University,United States,pba.edu
Park University,United States,park.edu
Parsons The New School For Design,United States,newschool.edu
Patrick Henry College,United States,phc.edu
Paul Quinn College,United States,pqc.edu
Paul Smiths College,United States,paulsmiths.edu
Peirce College,United States,peirce.edu
Penn State,United States,psu.edu
Pennsylvania Academy Fine Arts,United States,pafa.edu
Pennsylvania College Of Technology,United States,pct.edu
Pennsylvania State Erie The Behrend College,United States,psu.edu
Pennsylvania State University Abington,United States,psu.edu
Pennsylvania State University Altoona,United States,psu.edu
Pennsylvania State University Beaver,United States,psu.edu
Pennsylvania State University Berks,United States,psu.edu
Pennsylvania State University Brandywine,United States,psu.edu
Pennsylvania State University Dubois Campus,United States,psu.edu
Pennsylvania State University Fayette,United States,psu.edu
Pennsylvania State University Greater Allegheny,United States,psu.edu
Pennsylvania State University Harrisburg,United States,psu.edu
Pennsylvania State University Hazleton,United States,psu.edu
Pennsylvania State University Lehigh Valley,United States,psu.edu
Pennsylvania State University Mont Alto,United States,psu.edu
Pennsylvania State University New Kensington,United States,psu.edu
Pennsylvania State University Schuylkill,United States,psu.edu
Pennsylvania State University Shenango,United States,psu.edu
Pennsylvania State University Wilkes Barre Campus,United States,psu.edu
Pennsylvania State University Worthington Scranton,United States,psu.edu
Pennsylvania State University York,United States,psu.edu
Pepperdine University,United States,pepperdine.edu
Peru State College,United States,peru.edu
Pfeiffer University,United States,pfeiffer.edu
Philander Smith College,United States,philander.edu
Piedmont College,United States,piedmont.edu
Piedmont International University,United States,piedmontu.edu
Pine Manor College,United States,pmc.edu
Pittsburg State University,United States,pittstate.edu
Pitzer College,United States,pitzer.edu
Plymouth State University,United States,plymouth.edu
Point Loma Nazarene University,United States,pointloma.edu
Point Park University,United States,pointpark.edu
Point University,United States,point.edu
Polk State College,United States,polk.edu
Polytechnic University Of Puerto Rico,United States,pupr.edu
Pomona College,United States,pomona.edu
Pontifical Catholic University Of Puerto Rico Ponce,United States,pucpr.edu
Pontifical College Josephinum,United States,pcj.edu
Portland State University,United States,pdx.edu
Potomac University Of The,United States,potomac.edu
Prairie View Am University,United States,pvamu.edu
Pratt Institute,United States,pratt.edu
Presbyterian College,United States,presby.edu
Prescott College,United States,prescott.edu
Presentation College,United States,presentation.edu
Princeton University,United States,princeton.edu
Principia College,United States,principia.edu
Providence College,United States,providence.edu
Purdue University Fort Wayne,United States,pfw.edu
Purdue University Northwest,United States,pnw.edu
Queens University Canada,United States,queensu.ca
Queens University Charlotte,United States,queens.edu
Quest University Canada,United States,questu.ca
Quincy University,United States,quincy.edu
Quinnipiac University,United States,qu.edu
Radford University,United States,radford.edu
Ramapo College New Jersey,United States,ramapo.edu
Randolph College,United States,randolphcollege.edu
Randolph Macon College,United States,rmc.edu
Reed College,United States,reed.edu
Regent University,United States,regent.edu
Regents University London,United States,regents.ac.uk
Regis College,United States,regiscollege.edu
Regis University,United States,regis.edu
Reinhardt University,United States,reinhardt.edu
Rensselaer Polytechnic Institute,United States,rpi.edu
Research College Of Nursing,United States,researchcollege.edu
Resurrection University,United States,resu.edu
Rhode Island College,United States,ric.edu
Rhode Island School Design,United States,risd.edu
Rhodes College,United States,rhodes.edu
Rice University,United States,rice.edu
Richmond American International University London,United States,richmond.ac.uk
Rider University,United States,rider.edu
Riga Business School,United States,rbs.lv
Ringling College Art And Design,United States,ringling.edu
Ripon College,United States,ripon.edu
Ritsumeikan Asia Pacific University,United States,apu.ac.jp
Rivier University,United States,rivier.edu
Roanoke College,United States,roanoke.edu
Robert Gordon University,United States,rgu.ac.uk
Robert Morris University,United States,robertmorris.edu
Robert Morris University Pa,United States,rmu.edu
Roberts Wesleyan College,United States,roberts.edu
Rochester College,United States,rc.edu
Rochester Institute Technology,United States,rit.edu
Rockford University,United States,rockford.edu
Rockhurst University,United States,rockhurst.edu
Rocky Mountain College,United States,rocky.edu
Rocky Mountain College Of Art And Design,United States,rmcad.edu
Roger Williams University,United States,rwu.edu
Rogers State University,United States,rsu.edu
Rollins College,United States,rollins.edu
Roosevelt University,United States,roosevelt.edu
Rose Hulman Institute Technology,United States,rose-hulman.edu
Rosemont College,United States,rosemont.edu
Rowan University,United States,rowan.edu
Rush University,United States,rush.edu
Rust College,United States,rustcollege.edu
Rutgers The State University Of New Jersey Camden,United States,camden.rutgers.edu
Rutgers The State University Of New Jersey New Brunswick,United States,ugadm.rutgers.edu
Rutgers The State University Of New Jersey Newark,United States,rutgers.edu
Ryerson University,United States,ryerson.ca
Sacred Heart Major Seminary,United States,shms.edu
Sacred Heart University,United States,sacredheart.edu
Sage Colleges,United States,sage.edu
Saginaw Valley State University,United States,svsu.edu
Sagu American Indian College,United States,sagu.edu
Saint Anselm College,United States,anselm.edu
Saint Augustines University,United States,st-aug.edu
Saint Francis University,United States,francis.edu
Saint Josephs College Maine,United States,sjcme.edu
Saint Josephs University,United States,sju.edu
Saint Leo University,United States,saintleo.edu
Saint Louis University,United States,slu.edu
Saint Louis University Madrid Campus Spain,United States,slu.edu
Saint Martins University,United States,stmartin.edu
Saint Mary Woods College,United States,smwc.edu
Saint Marys College,United States,saintmarys.edu
Saint Marys College California,United States,stmarys-ca.edu
Saint Marys University Minnesota,United States,smumn.edu
Saint Michaels College,United States,smcvt.edu
Saint Peters University,United States,saintpeters.edu
Saint Vincent College,United States,stvincent.edu
Saint Xavier University,United States,sxu.edu
Salem College,United States,salem.edu
Salem State University,United States,salemstate.edu
Salisbury University,United States,salisbury.edu
Salve Regina University,United States,salve.edu
Sam Houston State University,United States,shsu.edu
Samford University,United States,samford.edu
San Diego Christian College,United States,sdcc.edu
San Diego State University,United States,sdsu.edu
San Francisco Art Institute,United States,sfai.edu
San Francisco Conservatory Of Music,United States,sfcm.edu
San Francisco State University,United States,sfsu.edu
San Jose State University,United States,sjsu.edu
Santa Clara University,United States,scu.edu
Sarah Lawrence College,United States,sarahlawrence.edu
Savannah College Art And Design,United States,scad.edu
Savannah State University,United States,savannahstate.edu
School Art Institute Chicago,United States,saic.edu
School Of The Museum Of Fine Arts Boston,United States,tufts.edu
School Of Visual Arts,United States,sva.edu
Schreiner University,United States,schreiner.edu
Scripps College,United States,scrippscollege.edu
Seattle Pacific University,United States,spu.edu
Seattle University,United States,seattleu.edu
Seton Hall University,United States,shu.edu
Seton Hill University,United States,setonhill.edu
Sewanee,United States,sewanee.edu
Shasta Bible College And Graduate School,United States,shasta.edu
Shaw University,United States,shawu.edu
Shawnee State University,United States,shawnee.edu
Shenandoah University,United States,su.edu
Shepherd University,United States,shepherd.edu
Shippensburg University Of Pennsylvania,United States,ship.edu
Shorter University,United States,shorter.edu
Siena College,United States,siena.edu
Siena Heights University,United States,sienaheights.edu
Sierra Nevada College,United States,sierranevada.edu
Silver Lake College,United States,sl.edu
Simmons University,United States,simmons.edu
Simon Fraser University,United States,sfu.ca
Simpson College,United States,simpson.edu
Simpson University,United States,simpsonu.edu
Skidmore College,United States,skidmore.edu
Slippery Rock University Of Pennsylvania,United States,sru.edu
Smith College,United States,smith.edu
Soka University of America,United States,soka.edu
Sonoma State University,United States,sonoma.edu
South Carolina State University,United States,scsu.edu
South Dakota School Of Mines And Technology,United States,sdsmt.edu
South Dakota State University,United States,sdstate.edu
Southeast Missouri State University,United States,semo.edu
Southeastern Baptist Theological Seminary,United States,sebts.edu
Southeastern Louisiana University,United States,southeastern.edu
Southeastern Oklahoma State University,United States,se.edu
Southeastern University,United States,seu.edu
Southern Adventist University,United States,southern.edu
Southern Arkansas University,United States,saumag.edu
Southern California Institute of Architecture,United States,sciarc.edu
Southern Connecticut State University,United States,southernct.edu
Southern Illinois University Carbondale,United States,siu.edu
Southern Illinois University Edwardsville,United States,siue.edu
Southern Methodist University,United States,smu.edu
Southern Nazarene University,United States,snu.edu
Southern New Hampshire University,United States,snhu.edu
Southern Oregon University,United States,sou.edu
Southern University And Am College,United States,subr.edu
Southern University At New Orleans,United States,suno.edu
Southern Utah University,United States,suu.edu
Southern Vermont College,United States,svc.edu
Southern Virginia University,United States,svu.edu
Southern Wesleyan University,United States,swu.edu
Southwest Baptist University,United States,sbuniv.edu
Southwest Minnesota State University,United States,smsu.edu
Southwest University Of Visual Arts,United States,suva.edu
Southwestern Adventist University,United States,swau.edu
Southwestern Assemblies Of God University,United States,sagu.edu
Southwestern Christian University,United States,swcu.edu
Southwestern College,United States,sckans.edu
Southwestern Oklahoma State University,United States,swosu.edu
Southwestern University,United States,southwestern.edu
Spalding University,United States,spalding.edu
Spelman College,United States,spelman.edu
Spring Arbor University,United States,arbor.edu
Spring Hill College,United States,shc.edu
Springfield College,United States,springfieldcollege.edu
St Ambrose University,United States,sau.edu
St Andrews University,United States,sa.edu
St Anthony College Of Nursing,United States,sacn.edu
St Bonaventure University,United States,sbu.edu
St Catherine University,United States,stkate.edu
St Cloud State University,United States,stcloudstate.edu
St Edwards University,United States,stedwards.edu
St Francis College,United States,sfc.edu
St Francis Medical Center College Of Nursing,United States,osfhealthcare.org
St John Fisher College,United States,sjfc.edu
St Johns College,United States,sjc.edu
St Johns College Md,United States,sjc.edu
St Johns University,United States,stjohns.edu
St Josephs College Brooklyn,United States,sjcny.edu
St Josephs College Brooklyn Campus,United States,sjcny.edu
St Josephs College Long Island Campus,United States,sjcny.edu
St Josephs College New York Long Island,United States,sjcny.edu
St Lawrence University,United States,stlawu.edu
St Louis Christian College,United States,stlchristian.edu
St Louis College Pharmacy,United States,stlcop.edu
St Mary University Twickenham London,United States,stmarys.ac.uk
St Marys College,United States,smcm.edu
St Marys University Of San Antonio,United States,stmarytx.edu
St Norbert College,United States,snc.edu
St Olaf College,United States,stolaf.edu
St Petersburg College,United States,spcollege.edu
St Thomas Aquinas College,United States,stac.edu
St Thomas University,United States,stu.edu
St Thomas University,United States,stu.ca
Stanford University,United States,stanford.edu
Stephen F Austin State University,United States,sfasu.edu
Stephens College,United States,stephens.edu
Sterling College,United States,sterlingcollege.edu
Sterling College,United States,sterling.edu
Stetson University,United States,stetson.edu
Stevens Institute Technology,United States,stevens.edu
Stevenson University,United States,stevenson.edu
Stillman College,United States,stillman.edu
Stockton University,United States,stockton.edu
Stonehill College,United States,stonehill.edu
Suffolk University,United States,suffolk.edu
Sul Ross State University,United States,sulross.edu
Sungkyunkwan University,United States,skku.edu
Suny Alfred State College,United States,alfredstate.edu
Suny Binghamton University,United States,binghamton.edu
Suny Buffalo State College,United States,buffalostate.edu
Suny Cobleskill,United States,cobleskill.edu
Suny College Brockport,United States,brockport.edu
Suny College Environmental Science Forestry,United States,esf.edu
Suny College Geneseo,United States,geneseo.edu
Suny College Old Westbury,United States,oldwestbury.edu
Suny College Oneonta,United States,oneonta.edu
Suny College Technology Canton,United States,canton.edu
Suny Cortland,United States,cortland.edu
Suny Delhi,United States,delhi.edu
Suny Empire State College,United States,esc.edu
Suny Farmingdale State College,United States,farmingdale.edu
Suny Fredonia,United States,fredonia.edu
Suny Korea,United States,sunykorea.ac.kr
Suny Maritime College,United States,sunymaritime.edu
Suny Morrisville State College,United States,morrisville.edu
Suny New Paltz,United States,newpaltz.edu
Suny Oswego,United States,oswego.edu
Suny Plattsburgh,United States,plattsburgh.edu
Suny Polytechnic Institute,United States,sunyit.edu
Suny Potsdam,United States,potsdam.edu
Suny Purchase College,United States,purchase.edu
Suny Stony Brook University,United States,stonybrook.edu
Suny University Albany,United States,albany.edu
Suny University Buffalo,United States,buffalo.edu
Susquehanna University,United States,susqu.edu
Swarthmore College,United States,swarthmore.edu
Sweet Briar College,United States,sbc.edu
Syracuse University,United States,syr.edu
Tabor College,United States,tabor.edu
Talladega College,United States,talladega.edu
Tarleton State University,United States,tarleton.edu
Taylor University,United States,taylor.edu
Temple University,United States,temple.edu
Temple University Japan Campus,United States,tuj.temple.edu
Tennessee State University,United States,tnstate.edu
Tennessee Technological University,United States,tntech.edu
Tennessee Wesleyan University,United States,tnwesleyan.edu
Texas Am International University,United States,tamiu.edu
Texas Am University College Station,United States,tamu.edu
Texas Am University Commerce,United States,tamuc.edu
Texas Am University Corpus Christi,United States,tamucc.edu
Texas Am University Kingsville,United States,tamuk.edu
Texas Am University Texarkana,United States,tamut.edu
Texas Christian University,United States,tcu.edu
Texas College,United States,texascollege.edu
Texas Lutheran University,United States,tlu.edu
Texas Southern University,United States,tsu.edu
Texas State University,United States,txstate.edu
Texas Tech University,United States,ttu.edu
Texas University Of The Rio Grande Valley,United States,utrgv.edu
Texas Wesleyan University,United States,txwes.edu
Texas Womans University,United States,twu.edu
The American College Of Greece,United States,acg.edu
The American University In Cairo,United States,aucegypt.edu
The Boston Conservatory,United States,berklee.edu
The Citadel,United States,citadel.edu
The College Of Idaho,United States,collegeofidaho.edu
The College Of St Rose,United States,mail.strose.edu
The Kings College,United States,tkc.edu
The Masters University And Seminary,United States,masters.edu
The New School College Of Performing Arts,United States,newschool.edu
The Sage Colleges,United States,sage.edu
The University Of Alabama,United States,ua.edu
The University Of Alabama Huntsville,United States,uah.edu
The University Of British Columbia,United States,ubc.ca
The University Of Montana,United States,umontana.edu
The University Of Montana Western,United States,umwestern.edu
The University Of Mount Olive,United States,umo.edu
The University Of New Mexico,United States,unm.edu
The University Of Texas Of The Permian Basin,United States,utpb.edu
The University Of The Arts,United States,uarts.edu
The University Of Utah,United States,utah.edu
Thiel College,United States,thiel.edu
Thomas Aquinas College,United States,thomasaquinas.edu
Thomas College,United States,thomas.edu
Thomas Edison State University,United States,tesu.edu
Thomas More College,United States,thomasmore.edu
Thomas University,United States,thomasu.edu
Tiffin University,United States,tiffin.edu
Toccoa Falls College,United States,tfc.edu
Tougaloo College,United States,tougaloo.edu
Touro College,United States,adminm.touro.edu
Towson University,United States,towson.edu
Transylvania University,United States,transy.edu
Trevecca Nazarene University,United States,trevecca.edu
Trine University,United States,trine.edu
Trinity Baptist College,United States,tbc.edu
Trinity Christian College,United States,trnty.edu
Trinity College,United States,trincoll.edu
Trinity College Of Florida,United States,trinitycollege.edu
Trinity College Of Nursing Health Sciences,United States,trinitycollegeqc.edu
Trinity International University,United States,tiu.edu
Trinity University,United States,trinity.edu
Trinity Washington University,United States,trinitydc.edu
Troy University,United States,troy.edu
Truett Mcconnell University,United States,truett.edu
Truman State University,United States,truman.edu
Tufts University,United States,tufts.edu
Tulane University,United States,tulane.edu
Tusculum College,United States,tusculum.edu
Tusculum University,United States,tusculum.edu
Tuskegee University,United States,mytu.tuskegee.edu
Underwood International College Yonsei University,United States,yonsei.ac.kr
Union College,United States,union.edu
Union College,United States,unionky.edu
Union College,United States,ucollege.edu
Union Institute University,United States,myunion.edu
Union University,United States,uu.edu
United States Air Force Academy,United States,usafa.edu
United States Coast Guard Academy,United States,uscga.edu
United States Merchant Marine Academy,United States,usmma.edu
United States Military Academy,United States,usma.edu
United States Naval Academy,United States,usna.edu
Unity College,United States,unity.edu
Universidad Adventista De Las Antillas,United States,uaa.edu
Universidad Carlos Iii De Madrid,United States,uc3m.es
Universidad Del Este Une,United States,suagm.edu
Universidad Del Sagrado Corazon,United States,sagrado.edu
Universidad Del Turabo,United States,suagm.edu
University Of Aberdeen,United States,abdn.ac.uk
University Of Advancing Technology,United States,uat.edu
University Of Akron Main Campus,United States,uakron.edu
University Of Alabama Birmingham Uab,United States,uab.edu
University Of Alaska Anchorage,United States,alaska.edu
University Of Alaska Fairbanks,United States,uaf.edu
University Of Alaska Southeast,United States,uas.alaska.edu
University Of Alberta,United States,ualberta.ca
University Of Arizona,United States,arizona.edu
University Of Arkansas,United States,uark.edu
University Of Arkansas At Fort Smith,United States,uafs.edu
University Of Arkansas At Little Rock,United States,ualr.edu
University Of Arkansas At Monticello,United States,uamont.edu
University Of Arkansas At Pine Bluff,United States,uapb.edu
University Of Baltimore,United States,ubalt.edu
University Of Bridgeport,United States,bridgeport.edu
University Of Bristol,United States,bristol.ac.uk
University Of Calgary,United States,ucalgary.ca
University Of California At Merced,United States,ucmerced.edu
University Of California Davis,United States,ucdavis.edu
University Of California Irvine,United States,uci.edu
University Of California Riverside,United States,ucr.edu
University Of California Santa Barbara,United States,sa.ucsb.edu
University Of California Santa Cruz,United States,ucsc.edu
University Of Central Arkansas,United States,uca.edu
University Of Central Florida,United States,ucf.edu
University Of Central Missouri,United States,ucmo.edu
University Of Central Oklahoma,United States,uco.edu
University Of Charleston,United States,ucwv.edu
University Of Chicago,United States,uchicago.edu
University Of Cincinnati,United States,uc.edu
University Of Cincinnati Blue Ash College And Clermont College,United States,ucblueash.edu
University Of Cincinnati Clermont College,United States,uc.edu
University Of College Dublin,United States,ucd.ie
University Of Colorado Boulder,United States,colorado.edu
University Of Colorado Colorado Springs,United States,uccs.edu
University Of Colorado Denver,United States,ucdenver.edu
University Of Connecticut,United States,uconn.edu
University Of Dallas,United States,udallas.edu
University Of Dayton,United States,udayton.edu
University Of Delaware,United States,udel.edu
University Of Denver,United States,du.edu
University Of Detroit Mercy,United States,udmercy.edu
University Of Dubuque,United States,dbq.edu
University Of East Anglia,United States,uea.ac.uk
University Of East London,United States,uel.ac.uk
University Of Evansville,United States,evansville.edu
University Of Findlay,United States,findlay.edu
University Of Florida,United States,admissions.ufl.edu
University Of Georgia,United States,uga.edu
University Of Glasgow,United States,glasgow.ac.uk
University Of Guam,United States,triton.uog.edu
University Of Guelph,United States,uoguelph.ca
University Of Hartford,United States,hartford.edu
University Of Hawaii At Hilo,United States,hawaii.edu
University Of Hawaii At Manoa,United States,hawaii.edu
University Of Hawaii West Oahu,United States,hawaii.edu
University Of Holy Cross,United States,uhcno.edu
University Of Hong Kong,United States,hku.hk
University Of Houston,United States,uh.edu
University Of Houston Clear Lake,United States,uhcl.edu
University Of Houston Downtown,United States,uhd.edu
University Of Houston Victoria,United States,uhv.edu
University Of Huddersfield,United States,hud.ac.uk
University Of Idaho,United States,uidaho.edu
University Of Illinois At Chicago,United States,uic.edu
University Of Illinois Chicago,United States,uic.edu
University Of Illinois Springfield,United States,uis.edu
University Of Indianapolis,United States,uindy.edu
University Of Iowa,United States,uiowa.edu
University Of Jamestown,United States,uj.edu
University Of Kansas,United States,ku.edu
University Of Kentucky,United States,uky.edu
University Of La Verne,United States,laverne.edu
University Of Lethbridge,United States,uleth.ca
University Of Limerick,United States,ul.ie
University Of Lincoln,United States,lincoln.ac.uk
University Of Louisiana At Lafayette,United States,louisiana.edu
University Of Louisiana At Monroe,United States,ulm.edu
University Of Louisville,United States,louisville.edu
University Of Lynchburg,United States,lynchburg.edu
University Of Maine,United States,maine.edu
University Of Maine At Augusta,United States,maine.edu
University Of Maine Augusta,United States,maine.edu
University Of Maine Farmington,United States,maine.edu
University Of Maine Fort Kent,United States,maine.edu
University Of Maine Machias,United States,maine.edu
University Of Maine Presque Isle,United States,maine.edu
University Of Mary,United States,umary.edu
University Of Mary Hardin Baylor,United States,umhb.edu
University Of Mary Washington,United States,umw.edu
University Of Maryland Baltimore County,United States,umbc.edu
University Of Maryland Eastern Shore,United States,umes.edu
University Of Maryland University College,United States,umuc.edu
University Of Massachusetts Boston,United States,umb.edu
University Of Massachusetts Dartmouth,United States,umassd.edu
University Of Massachusetts Lowell,United States,uml.edu
University Of Memphis,United States,memphis.edu
University Of Miami,United States,miami.edu
University Of Michigan Dearborn,United States,umich.edu
University Of Michigan Flint,United States,umflint.edu
University Of Michigan Shanghai Jiao Tong University Of Joint Institute,United States,sjtu.edu.cn
University Of Minnesota At Crookston,United States,umn.edu
University Of Minnesota Duluth,United States,d.umn.edu
University Of Minnesota Morris,United States,morris.umn.edu
University Of Minnesota Rochester,United States,r.umn.edu
University Of Minnesota Twin Cities,United States,umn.edu
University Of Missouri,United States,missouri.edu
University Of Missouri Columbia,United States,missouri.edu
University Of Missouri Kansas City,United States,umkc.edu
University Of Missouri St Louis,United States,umsl.edu
University Of Mobile,United States,umobile.edu
University Of Montevallo,United States,montevallo.edu
University Of Mount Union,United States,mountunion.edu
University Of Nebraska Kearney,United States,unk.edu
University Of Nebraska Lincoln,United States,unl.edu
University Of Nebraska Omaha,United States,unomaha.edu
University Of Nevada Las Vegas Unlv,United States,unlv.edu
University Of Nevada Reno,United States,unr.edu
University Of New England,United States,une.edu
University Of New Hampshire,United States,unh.edu
University Of New Haven,United States,newhaven.edu
University Of New Orleans,United States,uno.edu
University Of North Alabama,United States,una.edu
University Of North Carolina Asheville,United States,unca.edu
University Of North Carolina At Pembroke,United States,uncp.edu
University Of North Carolina Chapel Hill,United States,unc.edu
University Of North Carolina Charlotte,United States,uncc.edu
University Of North Carolina Greensboro,United States,uncg.edu
University Of North Carolina School Of The Arts,United States,uncsa.edu
University Of North Carolina Wilmington,United States,uncw.edu
University Of North Dakota,United States,und.edu
University Of North Florida,United States,unf.edu
University Of North Georgia,United States,ung.edu
University Of North Texas,United States,unt.edu
University Of Northern Colorado,United States,unco.edu
University Of Northern Iowa,United States,uni.edu
University Of Northwestern St Paul,United States,unwsp.edu
University Of Notre Dame,United States,nd.edu
University Of Oklahoma,United States,ou.edu
University Of Oregon,United States,uoregon.edu
University Of Pacific,United States,pacific.edu
University Of Pennsylvania,United States,upenn.edu
University Of Pikeville,United States,upike.edu
University Of Pittsburgh,United States,pitt.edu
University Of Pittsburgh At Bradford,United States,pitt.edu
University Of Pittsburgh At Greensburg,United States,pitt.edu
University Of Pittsburgh At Johnstown,United States,pitt.edu
University Of Plymouth,United States,plymouth.ac.uk
University Of Portland,United States,up.edu
University Of Providence,United States,uprovidence.edu
University Of Puerto Rico Arecibo,United States,upr.edu
University Of Puerto Rico Bayamon,United States,upr.edu
University Of Puerto Rico Ponce,United States,upr.edu
University Of Puget Sound,United States,pugetsound.edu
University Of Redlands,United States,redlands.edu
University Of Rhode Island,United States,uri.edu
University Of Richmond,United States,richmond.edu
University Of Rio Grande,United States,rio.edu
University Of Rochester,United States,rochester.edu
University Of Saint Francis Fort Wayne Indiana,United States,sf.edu
University Of Saint Joseph,United States,usj.edu
University Of San Diego,United States,sandiego.edu
University Of San Francisco,United States,usfca.edu
University Of Saskatchewan,United States,usask.ca
University Of Science And Arts Of Oklahoma,United States,usao.edu
University Of Sciences,United States,usciences.edu
University Of Scranton,United States,scranton.edu
University Of Sheffield,United States,sheffield.ac.uk
University Of Sioux Falls,United States,usiouxfalls.edu
University Of South Alabama,United States,southalabama.edu
University Of South Carolina Aiken,United States,usca.edu
University Of South Carolina Beaufort,United States,uscb.edu
University Of South Carolina Columbia,United States,sc.edu
University Of South Carolina Upstate,United States,uscupstate.edu
University Of South Dakota,United States,usd.edu
University Of South Florida,United States,usf.edu
University Of South Florida Sarasota Manatee,United States,sar.usf.edu
University Of Southern Indiana,United States,usi.edu
University Of Southern Maine,United States,maine.edu
University Of Southern Mississippi,United States,usm.edu
University Of St Andrews,United States,st-andrews.ac.uk
University Of St Francis Il,United States,stfrancis.edu
University Of St Mary,United States,stmary.edu
University Of St Thomas,United States,stthom.edu
University Of St Thomas Mn,United States,stthomas.edu
University Of Stirling,United States,stir.ac.uk
University Of Tampa,United States,ut.edu
University Of Tennessee At Chattanooga,United States,utc.edu
University Of Tennessee At Martin,United States,utm.edu
University Of Tennessee Knoxville,United States,utk.edu
University Of Texas At Arlington,United States,uta.edu
University Of Texas At Dallas,United States,utdallas.edu
University Of Texas At El Paso,United States,utep.edu 
University Of Texas At San Antonio,United States,utsa.edu
University Of Texas At Tyler,United States,uttyler.edu
University Of The Cumberlands,United States,ucumberlands.edu
University Of The District Of Columbia,United States,udc.edu
University Of The Incarnate Word,United States,uiwtx.edu
University Of The Ozarks,United States,ozarks.edu
University Of The Pacific,United States,pacific.edu
University Of The Southwest,United States,usw.edu
University Of The Virgin Islands,United States,uvi.edu
University Of Toledo,United States,utoledo.edu
University Of Toronto,United States,utoronto.ca
University Of Tulsa,United States,utulsa.edu
University Of Vermont,United States,uvm.edu
University Of Virginia,United States,virginia.edu
University Of Virginias College Wise,United States,uvawise.edu
University Of Warwick,United States,warwick.ac.uk
University Of Washington Bothell,United States,uw.edu
University Of Washington Tacoma,United States,uw.edu
University Of West,United States,uwest.edu
University Of West Alabama,United States,uwa.edu
University Of West Florida,United States,uwf.edu
University Of West Georgia,United States,westga.edu
University Of West London,United States,uwl.ac.uk
University Of Windsor,United States,uwindsor.ca
University Of Wisconsin Eau Claire,United States,uwec.edu
University Of Wisconsin Green Bay,United States,uwgb.edu
University Of Wisconsin La Crosse,United States,uwlax.edu
University Of Wisconsin Milwaukee,United States,uwm.edu
University Of Wisconsin Oshkosh,United States,uwosh.edu
University Of Wisconsin Parkside,United States,uwp.edu
University Of Wisconsin Platteville,United States,uwplatt.edu
University Of Wisconsin River Falls,United States,uwrf.edu
University Of Wisconsin Stevens Point,United States,uwsp.edu
University Of Wisconsin Stout,United States,uwstout.edu
University Of Wisconsin Superior,United States,uwsuper.edu
University Of Wisconsin Whitewater,United States,uww.edu
University Of Wyoming,United States,uwyo.edu
University Worcester Uk,United States,worc.ac.uk
Upper Iowa University,United States,uiu.edu
Urbana University ,United States,urbana.edu
Ursinus College,United States,ursinus.edu
Ursuline College,United States,ursuline.edu
Utah State University,United States,usu.edu
Utah Valley University,United States,uvu.edu
Utica College,United States,utica.edu
Valdosta State University,United States,valdosta.edu
Valley City State University,United States,vcsu.edu
Valparaiso University,United States,valpo.edu
Vanderbilt University,United States,vanderbilt.edu
Vandercook College Of Music,United States,vandercook.edu
Vanguard University Of Southern California,United States,vanguard.edu
Vassar College,United States,vassar.edu
Vaughn College Of Aeronautics And Technology,United States,vaughn.edu
Vermont Technical College,United States,vtc.edu
Villanova University,United States,villanova.edu
Virginia Commonwealth University,United States,vcu.edu
Virginia Military Institute,United States,vmi.edu
Virginia Polytechnic Institute And State University,United States,vt.edu
Virginia State University,United States,vsu.edu
Virginia Union University,United States,vuu.edu
Virginia University Of Lynchburg,United States,vul.edu
Virginia Wesleyan University,United States,vwu.edu
Viterbo University,United States,viterbo.edu
Voorhees College,United States,voorhees.edu
Wabash College,United States,wabash.edu
Wagner College,United States,wagner.edu
Wake Forest University,United States,wfu.edu
Waldorf University,United States,waldorf.edu
Walla Walla University,United States,wallawalla.edu
Walsh University,United States,walsh.edu
Warner Pacific University,United States,warnerpacific.edu
Warner University,United States,warner.edu
Warren Wilson College,United States,warren-wilson.edu
Wartburg College,United States,wartburg.edu
Warwick University Of The,United States,warwick.ac.uk
Washburn University,United States,washburn.edu
Washington Adventist University,United States,wau.edu
Washington And Lee University,United States,wlu.edu
Washington College,United States,washcoll.edu
Washington Jefferson College,United States,washjeff.edu
Washington State University,United States,wsu.edu
Washington University of St Louis,United States,wustl.edu
Watkins College Art Design Film,United States,watkins.edu
Wayland Baptist University,United States,wbu.edu
Wayne State College,United States,wsc.edu
Wayne State University,United States,wayne.edu
Waynesburg University,United States,waynesburg.edu
Webb Institute,United States,webb.edu
Webber International University,United States,webber.edu
Weber State University,United States,weber.edu
Webster University,United States,webster.edu
Welch College,United States,welch.edu
Wellesley College,United States,wellesley.edu
Wells College,United States,wells.edu
Wentworth Institute Technology,United States,wit.edu
Wesley College,United States,wesley.edu
Wesleyan College,United States,wesleyancollege.edu
Wesleyan University,United States,wesleyan.edu
West Chester University,United States,wcupa.edu
West Liberty University,United States,westliberty.edu
West Texas Am University,United States,wtamu.edu
West Virginia State University,United States,wvstateu.edu
West Virginia University,United States,mail.wvu.edu
West Virginia University Institute Of Technology,United States,mail.wvu.edu
West Virginia University Parkersburg,United States,wvup.edu
West Virginia Wesleyan College,United States,wvwc.edu
Western Carolina University,United States,wcu.edu
Western Connecticut State University,United States,wcsu.edu
Western Illinois University,United States,wiu.edu
Western Kentucky University,United States,wku.edu
Western Michigan University,United States,wmich.edu
Western New England University,United States,wne.edu
Western New Mexico University,United States,wnmu.edu
Western Oregon University,United States,wou.edu
Western State Colorado University,United States,western.edu
Western University,United States,uwo.ca
Western Washington University,United States,wwu.edu
Westfield State University,United States,westfield.ma.edu
Westminster College,United States,westminster.edu
Westminster College Missouri,United States,westminster-mo.edu
Westminster College Utah,United States,westminstercollege.edu
Westmont College,United States,westmont.edu
Wheaton College Il,United States,wheaton.edu
Wheaton College Massachusetts,United States,wheatoncollege.edu
Wheeling Jesuit University,United States,wju.edu
Whitman College,United States,whitman.edu
Whittier College,United States,whittier.edu
Whitworth University,United States,whitworth.edu
Wichita State University,United States,wichita.edu
Widener University,United States,widener.edu
Wilberforce University,United States,wilberforce.edu
Wilkes Honors College,United States,fau.edu
Wilkes University,United States,wilkes.edu
Willamette University,United States,willamette.edu
William Carey University,United States,wmcarey.edu
William Jessup University,United States,jessup.edu
William Jewell College,United States,william.jewell.edu
William Paterson University Nj,United States,wpunj.edu
William Peace University,United States,peace.edu
William Penn University,United States,wmpenn.edu
William Woods University,United States,williamwoods.edu
Williams Baptist College,United States,wbcoll.edu
Williams College,United States,williams.edu
Wilmington College,United States,wilmington.edu
Wilmington University,United States,wilmu.edu
Wilson College,United States,wilson.edu
Wingate University,United States,wingate.edu
Winona State University,United States,winona.edu
Winston Salem State University,United States,wssu.edu
Winthrop University,United States,winthrop.edu
Wisconsin Lutheran College,United States,wlc.edu
Wittenberg University,United States,wittenberg.edu
Wofford College,United States,wofford.edu
Woodbury University,United States,woodbury.edu
Worcester Polytechnic Institute,United States,wpi.edu
Worcester State University,United States,worcester.edu
Wright State University,United States,wright.edu
Wright State University Lake Campus,United States,wright.edu
Wyoming Catholic College,United States,wyomingcatholiccollege.com
Xavier University,United States,xavier.edu
Xavier University,United States,xula.edu
Xavier University Of Louisiana,United States,xula.edu
Yale Nus College,United States,yale-nus.edu.sg
Yale University,United States,yale.edu
Yeshiva University,United States,yu.edu
York College,United States,ycp.edu
York College,United States,york.edu
York University,United States,yorku.ca
Young Harris College,United States,yhc.edu
Youngstown State University,United States,ysu.edu
,,
,,
,,
,,
,,
,,
,,
,,
,,
,,
,,
,,
,,
,,
,,
,,
,,
,,
,,
,,
,,
,,
,,
,,
,,
,,
,,
,,
,,
,,
,,
,,
,,
,,
,,
,,
,,
